phuc;i love you;2023-10-22 14:35:09
phucle;to la phuc;2023-10-22 15:01:42
phucle;to la phuc;2023-10-22 15:10:01
phucle;to la phuc;2023-10-22 15:10:25
phucle;to la phuc;2023-10-22 15:12:29
phucle;to la phuc;2023-10-22 15:14:21
phucle;to la phuc;2023-10-22 15:16:19
phucle;to la phuc;2023-10-22 15:18:24
phucle;to la phuc;2023-10-22 15:18:28
phucle;hi hi hi bla;2023-10-22 15:18:35
locle;to la loc;2023-10-22 15:23:44
locle;hi ne;2023-10-22 15:23:50
locle;to la loc ne;2023-10-22 15:31:18
locle;hii;2023-10-22 15:49:43
